Method,GSM8K_acc_pct,DINO_sim,params_M_GSM8K,params_M_image,rank_acc,rank_dino
lily,52.615617889999996,0.6487009923,9.48528,14.554112,1,20
hira,51.3267627,0.7062565486,9.17504,38.33856,2,4
shira,51.02350265,0.7041612069000001,9.17504,38.33856,3,5
frod,50.871872630000006,0.5482853651,5.456808,15.40663,4,30
gralora,49.50720243,0.7006240288000001,9.17504,38.33856,5,8
oft,49.12812737,0.7077637513,8.17152,4.7616,6,3
c3a,48.74905231,0.6366289258000001,5.505024,11.42784,7,23
miss,48.673237300000004,0.6565384666,7.340032,28.50816,8,18
randlora,48.52160728,0.5961240927,9.289728,23.83872,9,26
shadow,48.445792270000005,0.6595739126,8.659488,31.189632,10,16
deft,48.218347230000006,0.7088052233000001,9.17504,38.33856,11,2
lora,47.83927218,0.6971547206,9.17504,38.33856,12,11
full-finetuning,47.15693707,0.5767437418,3212.749824,3875.544576,13,27
delora,46.77786202,0.5392374992,9.175096,38.33864,14,31
lokr,46.62623199,0.6974450946,2.294656,0.78336,15,10
psoft,44.882486730000004,0.5984091759,1.856512,0.0448,16,25
peanut,44.882486730000004,0.712910076,7.340032,57.01632,16,1
osf,42.91129644,0.7016884486,194.535936,74.28592,18,7
glora,41.84988628000001,0.7005063097,4.58752,76.67712,19,9
unilora,40.78847612,0.6573023001,0.131072,0.5,20,17
waveft,40.25777104,0.6139253179,0.28,0.20736,21,24
loha,39.27217589,0.6618489822,18.35008,76.67712,22,15
road,38.51402578,0.6731533209,0.229376,0.89088,23,13
adalora,37.300985600000004,0.6824255586,18.353664,38.34112,24,12
vera,35.40561031,0.6626973748,0.129024,0.89344,25,14
pvera,35.3297953,0.6553937197,0.14336,0.896,26,19
adamss,34.495830170000005,0.7029402256,0.293888,2.90415,27,6
boft,34.344200150000006,0.6449412306,0.802816,2.11968,28,22
vblora,33.358605000000004,0.5697349012,1.212416,38.404096,29,29
beft,32.069749810000005,0.5762998064,0.028672,0.95232,30,28
ia3,31.084154660000003,0.6476706068,0.28672,0.3072,31,21
ln_tuning,0.0,0.34151384230000004,0.175104,0.0064,32,33
fourierft,0.0,0.3470671972,0.056,0.16,32,32
